from1,to1
1,15
1,97
1,108
1,173
1,195
1,205
1,218
1,274
1,296
1,418
1,435
1,493
1,494
1,519
1,525
1,526
1,582
1,585
1,605
1,631
1,655
1,722
2,10
2,31
2,96
2,99
2,100
2,105
2,106
2,130
2,153
2,181
2,219
2,234
2,304
2,309
2,322
2,366
2,369
2,370
2,457
2,554
2,630
2,639
2,672
2,701
3,38
3,39
3,121
3,129
3,165
3,166
3,167
3,168
3,185
3,191
3,226
3,240
3,352
3,359
3,430
3,461
3,463
3,486
3,531
3,607
3,634
3,711
4,11
4,18
4,43
4,65
4,118
4,138
4,199
4,220
4,272
4,340
4,346
4,347
4,387
4,404
4,437
4,503
4,520
4,590
4,628
4,664
4,670
4,709
5,27
5,80
5,116
5,139
5,144
5,157
5,231
5,232
5,238
5,240
5,258
5,303
5,308
5,335
5,348
5,415
5,434
5,491
5,521
5,575
5,576
5,583
5,603
5,616
5,668
5,713
6,29
6,77
6,81
6,148
6,208
6,298
6,307
6,310
6,313
6,458
6,459
6,468
6,470
6,471
6,477
6,479
6,515
6,518
6,541
6,620
6,680
6,686
7,88
7,162
7,215
7,241
7,260
7,266
7,271
7,339
7,364
7,453
7,480
7,497
7,504
7,578
7,596
7,602
7,610
7,661
7,665
7,690
7,692
7,693
7,721
7,723
8,56
8,60
8,74
8,116
8,140
8,144
8,150
8,172
8,177
8,179
8,311
8,318
8,371
8,384
8,386
8,408
8,460
8,522
8,527
8,528
8,532
8,562
8,576
8,606
8,612
8,625
8,646
8,654
8,667
8,677
8,679
8,685
8,707
8,713
9,30
9,60
9,102
9,120
9,186
9,201
9,222
9,228
9,235
9,236
9,305
9,324
9,334
9,353
9,368
9,429
9,489
9,499
9,548
9,552
9,595
9,710
10,31
10,96
10,99
10,100
10,105
10,106
10,130
10,153
10,181
10,219
10,234
10,304
10,309
10,341
10,366
10,369
10,370
10,457
10,554
10,630
10,672
10,701
11,18
11,43
11,59
11,65
11,118
11,138
11,199
11,220
11,237
11,272
11,340
11,346
11,347
11,387
11,404
11,437
11,447
11,503
11,520
11,590
11,628
11,664
11,670
11,709
11,711
12,54
12,70
12,202
12,211
12,212
12,221
12,225
12,261
12,287
12,319
12,358
12,419
12,424
12,450
12,451
12,462
12,487
12,555
12,600
12,608
12,642
12,645
13,35
13,36
13,40
13,41
13,66
13,78
13,137
13,192
13,247
13,273
13,284
13,306
13,315
13,380
13,389
13,467
13,495
13,570
13,584
13,598
13,599
13,666
14,16
14,72
14,75
14,115
14,190
14,194
14,200
14,243
14,259
14,292
14,342
14,363
14,379
14,383
14,403
14,500
14,505
14,537
14,574
14,587
14,597
14,640
14,649
14,691
14,695
14,702
14,706
15,97
15,108
15,173
15,195
15,205
15,218
15,274
15,296
15,418
15,435
15,493
15,494
15,519
15,525
15,526
15,582
15,585
15,605
15,631
15,655
15,722
16,21
16,22
16,23
16,24
16,25
16,48
16,51
16,158
16,174
16,243
16,292
16,293
16,439
16,540
16,568
16,640
16,641
16,695
16,704
16,708
16,732
16,733
17,34
17,49
17,103
17,104
17,169
17,229
17,256
17,267
17,275
17,276
17,295
17,317
17,318
17,355
17,357
17,446
17,509
17,510
17,546
17,564
17,581
17,592
18,43
18,65
18,118
18,138
18,199
18,220
18,272
18,340
18,346
18,347
18,383
18,387
18,404
18,437
18,503
18,520
18,590
18,628
18,664
18,670
18,709
19,26
19,45
19,46
19,55
19,58
19,59
19,123
19,125
19,141
19,237
19,249
19,252
19,291
19,370
19,416
19,422
19,447
19,449
19,452
19,478
19,481
19,482
19,622
19,675
20,62
20,90
20,91
20,117
20,126
20,134
20,156
20,213
20,242
20,265
20,326
20,341
20,365
20,375
20,406
20,476
20,502
20,513
20,530
20,544
20,681
20,683
21,22
21,23
21,24
21,25
21,48
21,51
21,74
21,158
21,174
21,243
21,289
21,292
21,293
21,428
21,439
21,532
21,540
21,568
21,640
21,641
21,695
21,704
21,708
21,732
21,733
22,23
22,24
22,25
22,48
22,51
22,120
22,158
22,174
22,243
22,292
22,293
22,439
22,540
22,568
22,640
22,641
22,695
22,704
22,708
22,732
22,733
23,24
23,25
23,48
23,51
23,158
23,174
23,243
23,292
23,293
23,439
23,540
23,568
23,640
23,641
23,695
23,698
23,704
23,708
23,732
23,733
24,25
24,48
24,51
24,120
24,158
24,174
24,243
24,292
24,293
24,439
24,540
24,568
24,640
24,641
24,695
24,704
24,708
24,732
24,733
25,48
25,51
25,120
25,158
25,174
25,243
25,292
25,293
25,439
25,540
25,568
25,640
25,641
25,695
25,704
25,708
25,732
25,733
26,45
26,46
26,58
26,59
26,123
26,125
26,141
26,237
26,249
26,252
26,291
26,416
26,422
26,447
26,449
26,452
26,478
26,481
26,482
26,558
26,622
26,675
27,76
27,80
27,116
27,139
27,144
27,231
27,232
27,238
27,258
27,303
27,308
27,335
27,348
27,409
27,415
27,433
27,434
27,498
27,543
27,573
27,575
27,576
27,583
27,603
27,616
27,629
27,668
27,679
27,713
28,33
28,37
28,50
28,71
28,83
28,84
28,107
28,111
28,113
28,135
28,146
28,182
28,210
28,217
28,245
28,278
28,319
28,321
28,337
28,349
28,368
28,407
28,419
28,420
28,429
28,488
28,489
28,529
28,533
28,569
28,579
28,626
28,627
28,643
28,662
28,705
28,720
29,77
29,81
29,148
29,208
29,298
29,307
29,310
29,313
29,458
29,459
29,468
29,470
29,471
29,477
29,479
29,515
29,518
29,541
29,620
29,680
29,686
30,60
30,102
30,120
30,186
30,201
30,222
30,228
30,235
30,236
30,305
30,324
30,334
30,353
30,368
30,429
30,489
30,499
30,548
30,552
30,595
30,710
31,96
31,99
31,100
31,105
31,106
31,130
31,153
31,181
31,219
31,234
31,304
31,309
31,366
31,369
31,370
31,457
31,554
31,630
31,672
31,701
32,47
32,170
32,250
32,251
32,253
32,254
32,255
32,356
32,400
32,401
32,402
32,410
32,423
32,545
32,556
32,557
32,558
32,656
32,660
32,674
32,694
32,696
33,50
33,64
33,101
33,111
33,112
33,124
33,132
33,135
33,189
33,207
33,209
33,214
33,223
33,230
33,239
33,245
33,262
33,319
33,320
33,344
33,349
33,354
33,361
33,362
33,368
33,419
33,429
33,445
33,483
33,484
33,489
33,512
33,529
33,569
33,643
33,720
34,49
34,103
34,104
34,169
34,229
34,256
34,267
34,275
34,276
34,295
34,317
34,318
34,355
34,357
34,446
34,509
34,510
34,546
34,564
34,581
34,592
35,36
35,40
35,41
35,66
35,78
35,137
35,192
35,247
35,273
35,284
35,306
35,315
35,380
35,389
35,467
35,495
35,570
35,584
35,598
35,599
35,666
36,40
36,41
36,66
36,78
36,137
36,192
36,247
36,273
36,284
36,306
36,315
36,380
36,389
36,467
36,495
36,570
36,584
36,598
36,599
36,666
37,71
37,83
37,84
37,107
37,113
37,146
37,182
37,210
37,217
37,278
37,321
37,337
37,407
37,420
37,488
37,533
37,545
37,579
37,626
37,627
37,662
37,705
37,722
38,39
38,58
38,121
38,129
38,165
38,166
38,167
38,168
38,185
38,191
38,226
38,240
38,277
38,352
38,359
38,424
38,430
38,461
38,463
38,486
38,517
38,531
38,537
38,607
38,634
38,636
38,711
39,121
39,129
39,165
39,166
39,167
39,168
39,185
39,191
39,226
39,240
39,352
39,359
39,430
39,461
39,463
39,486
39,531
39,607
39,634
39,711
40,41
40,66
40,78
40,137
40,192
40,247
40,273
40,284
40,306
40,315
40,380
40,389
40,467
40,495
40,570
40,584
40,598
40,599
40,666
41,66
41,78
41,137
41,192
41,247
41,273
41,284
41,306
41,315
41,380
41,389
41,467
41,495
41,570
41,584
41,598
41,599
41,666
42,86
42,93
42,131
42,180
42,188
42,202
42,211
42,216
42,277
42,286
42,332
42,333
42,428
42,486
42,511
42,528
42,571
42,580
42,593
42,601
42,618
42,619
42,652
42,703
42,716
43,65
43,118
43,138
43,199
43,220
43,272
43,340
43,346
43,347
43,387
43,404
43,437
43,473
43,503
43,520
43,533
43,590
43,628
43,664
43,670
43,709
44,79
44,82
44,110
44,122
44,151
44,179
44,203
44,227
44,231
44,238
44,327
44,342
44,374
44,385
44,433
44,442
44,454
44,475
44,480
44,498
44,517
44,547
44,573
44,577
44,586
44,611
44,614
44,623
44,627
44,648
44,678
44,687
44,717
45,46
45,58
45,59
45,64
45,123
45,125
45,141
45,237
45,249
45,252
45,291
45,404
45,416
45,422
45,447
45,449
45,452
45,461
45,478
45,481
45,482
45,483
45,565
45,622
45,661
45,675
46,58
46,59
46,64
46,123
46,125
46,141
46,237
46,249
46,252
46,291
46,404
46,416
46,422
46,447
46,449
46,452
46,461
46,478
46,481
46,482
46,483
46,565
46,622
46,661
46,675
47,170
47,250
47,251
47,253
47,254
47,255
47,336
47,356
47,400
47,401
47,402
47,410
47,423
47,545
47,556
47,557
47,558
47,656
47,660
47,674
47,694
47,696
48,51
48,158
48,174
48,243
48,292
48,293
48,439
48,540
48,568
48,640
48,641
48,695
48,704
48,708
48,732
48,733
49,103
49,104
49,169
49,198
49,229
49,256
49,267
49,275
49,276
49,295
49,317
49,318
49,355
49,357
49,446
49,509
49,510
49,546
49,564
49,581
49,592
49,658
50,110
50,111
50,135
50,150
50,154
50,155
50,164
50,227
50,245
50,294
50,316
50,319
50,349
50,368
50,371
50,373
50,397
50,419
50,429
50,489
50,529
50,569
50,572
50,591
50,629
50,643
50,644
50,719
50,720
51,158
51,174
51,243
51,292
51,293
51,439
51,540
51,568
51,640
51,641
51,695
51,704
51,708
51,732
51,733
52,56
52,92
52,98
52,176
52,178
52,197
52,328
52,329
52,351
52,367
52,372
52,426
52,427
52,456
52,464
52,492
52,536
52,549
52,551
52,609
52,615
52,700
52,718
53,67
53,68
53,73
53,183
53,184
53,198
53,204
53,270
53,302
53,312
53,497
53,516
53,524
53,538
53,633
53,635
53,636
53,637
53,684
53,688
53,697
53,736
54,70
54,131
54,202
54,211
54,212
54,216
54,221
54,225
54,261
54,287
54,294
54,319
54,358
54,381
54,419
54,424
54,432
54,443
54,450
54,451
54,462
54,487
54,555
54,571
54,589
54,600
54,608
54,623
54,642
54,644
54,645
54,719
55,142
55,143
55,147
55,157
55,175
55,187
55,263
55,299
55,300
55,301
55,370
55,432
55,444
55,455
55,469
55,514
55,535
55,539
55,542
55,624
55,653
55,669
55,698
56,74
56,140
56,172
56,177
56,179
56,311
56,384
56,386
56,408
56,460
56,522
56,527
56,532
56,612
56,625
56,654
56,667
56,677
56,679
56,685
56,707
57,76
57,87
57,124
57,196
57,271
57,288
57,381
57,409
57,421
57,425
57,440
57,472
57,473
57,508
57,521
57,523
57,543
57,562
57,565
57,589
57,594
57,604
57,615
57,663
57,728
58,59
58,123
58,125
58,141
58,237
58,249
58,252
58,277
58,291
58,416
58,422
58,424
58,447
58,449
58,452
58,478
58,481
58,482
58,517
58,537
58,622
58,636
58,675
59,123
59,125
59,141
59,237
59,249
59,252
59,291
59,416
59,422
59,447
59,449
59,452
59,478
59,481
59,482
59,622
59,675
59,711
60,102
60,116
60,120
60,144
60,150
60,186
60,201
60,222
60,228
60,235
60,236
60,305
60,318
60,324
60,334
60,353
60,368
60,371
60,429
60,460
60,489
60,499
60,528
60,548
60,552
60,562
60,576
60,595
60,606
60,646
60,710
60,713
61,79
61,94
61,133
61,140
61,145
61,149
61,171
61,244
61,314
61,316
61,325
61,327
61,338
61,345
61,350
61,375
61,396
61,417
61,442
61,454
61,455
61,496
61,507
61,534
61,566
61,577
61,606
61,613
61,659
61,673
61,678
61,682
61,687
61,714
61,721
62,90
62,91
62,117
62,126
62,134
62,156
62,213
62,242
62,265
62,326
62,341
62,365
62,375
62,406
62,476
62,502
62,513
62,530
62,544
62,681
62,683
63,89
63,102
63,114
63,127
63,159
63,160
63,161
63,246
63,257
63,264
63,297
63,322
63,398
63,474
63,485
63,553
63,621
63,632
63,638
63,639
63,657
63,671
63,697
63,715
63,726
64,101
64,112
64,124
64,125
64,132
64,189
64,207
64,209
64,214
64,223
64,230
64,239
64,249
64,252
64,262
64,320
64,344
64,354
64,361
64,362
64,404
64,416
64,445
64,461
64,483
64,484
64,512
64,565
64,661
65,118
65,138
65,199
65,220
65,272
65,340
65,346
65,347
65,387
65,404
65,437
65,503
65,520
65,590
65,628
65,664
65,670
65,709
66,78
66,137
66,192
66,247
66,253
66,273
66,284
66,306
66,315
66,380
66,389
66,402
66,467
66,495
66,570
66,584
66,598
66,599
66,666
67,68
67,73
67,183
67,184
67,198
67,204
67,270
67,302
67,312
67,497
67,516
67,524
67,538
67,633
67,635
67,636
67,637
67,684
67,688
67,697
67,736
68,73
68,183
68,184
68,198
68,204
68,242
68,270
68,302
68,312
68,497
68,516
68,524
68,538
68,574
68,633
68,635
68,636
68,637
68,684
68,688
68,697
68,718
68,736
69,82
69,193
69,264
69,281
69,282
69,285
69,337
69,374
69,382
69,387
69,396
69,438
69,441
69,465
69,466
69,491
69,633
69,646
69,647
69,650
69,651
69,689
69,724
69,725
69,729
69,730
69,734
69,735
70,202
70,211
70,212
70,214
70,221
70,225
70,261
70,287
70,319
70,358
70,419
70,424
70,450
70,451
70,462
70,487
70,555
70,600
70,608
70,642
70,645
71,83
71,84
71,107
71,113
71,146
71,159
71,182
71,210
71,217
71,226
71,278
71,302
71,321
71,337
71,407
71,420
71,488
71,533
71,579
71,626
71,627
71,662
71,705
71,714
72,75
72,115
72,190
72,194
72,200
72,259
72,342
72,363
72,379
72,383
72,403
72,500
72,505
72,537
72,574
72,587
72,597
72,649
72,691
72,702
72,706
73,183
73,184
73,198
73,204
73,270
73,302
73,312
73,497
73,516
73,524
73,538
73,633
73,635
73,636
73,637
73,684
73,688
73,697
73,736
74,140
74,172
74,177
74,179
74,289
74,311
74,384
74,386
74,408
74,428
74,460
74,522
74,527
74,532
74,540
74,612
74,625
74,654
74,667
74,677
74,679
74,685
74,704
74,707
74,732
75,115
75,190
75,194
75,200
75,259
75,342
75,363
75,379
75,383
75,403
75,500
75,505
75,537
75,574
75,587
75,597
75,649
75,691
75,702
75,706
76,87
76,196
76,288
76,303
76,381
76,409
76,421
76,425
76,433
76,440
76,472
76,473
76,498
76,508
76,521
76,523
76,543
76,562
76,565
76,573
76,589
76,594
76,604
76,629
76,663
76,679
76,728
77,81
77,148
77,208
77,298
77,307
77,310
77,313
77,458
77,459
77,468
77,470
77,471
77,477
77,479
77,515
77,518
77,541
77,620
77,680
77,686
78,137
78,192
78,247
78,273
78,284
78,306
78,315
78,380
78,389
78,467
78,495
78,570
78,584
78,598
78,599
78,666
79,82
79,122
79,140
79,145
79,203
79,316
79,327
79,374
79,375
79,385
79,433
79,442
79,454
79,455
79,475
79,480
79,498
79,517
79,573
79,577
79,611
79,614
79,623
79,648
79,678
79,687
79,721
80,116
80,139
80,144
80,167
80,231
80,232
80,238
80,258
80,303
80,308
80,335
80,348
80,415
80,434
80,575
80,576
80,583
80,603
80,616
80,668
80,713
81,148
81,208
81,298
81,307
81,310
81,313
81,458
81,459
81,468
81,470
81,471
81,474
81,477
81,479
81,515
81,518
81,541
81,620
81,680
81,686
82,122
82,203
82,327
82,337
82,374
82,385
82,387
82,396
82,433
82,442
82,454
82,475
82,480
82,498
82,517
82,573
82,577
82,611
82,614
82,623
82,633
82,648
82,678
82,687
83,84
83,107
83,113
83,146
83,182
83,210
83,217
83,278
83,321
83,337
83,407
83,420
83,488
83,533
83,579
83,626
83,627
83,662
83,705
84,107
84,113
84,146
84,182
84,210
84,217
84,278
84,321
84,337
84,407
84,420
84,488
84,533
84,579
84,626
84,627
84,662
84,705
84,731
85,135
85,145
85,147
85,151
85,187
85,224
85,233
85,279
85,280
85,289
85,323
85,331
85,376
85,431
85,436
85,443
85,490
85,529
85,547
85,567
85,586
85,676
85,699
85,717
86,93
86,99
86,131
86,180
86,188
86,216
86,277
86,286
86,300
86,332
86,333
86,428
86,511
86,528
86,571
86,580
86,593
86,601
86,618
86,619
86,652
86,662
86,703
86,716
87,185
87,196
87,212
87,288
87,381
87,409
87,421
87,425
87,440
87,449
87,472
87,473
87,490
87,508
87,521
87,523
87,543
87,562
87,565
87,589
87,594
87,604
87,622
87,663
87,675
87,676
87,728
88,162
88,177
88,215
88,218
88,221
88,241
88,260
88,261
88,266
88,271
88,279
88,339
88,364
88,366
88,422
88,453
88,504
88,572
88,578
88,591
88,596
88,602
88,610
88,661
88,665
88,690
88,692
88,693
88,721
88,723
89,114
89,127
89,159
89,160
89,161
89,246
89,257
89,297
89,322
89,398
89,474
89,485
89,553
89,621
89,632
89,638
89,639
89,657
89,671
89,715
89,726
90,91
90,117
90,126
90,134
90,156
90,213
90,242
90,265
90,326
90,341
90,365
90,375
90,406
90,476
90,502
90,513
90,530
90,544
90,549
90,681
90,683
91,117
91,126
91,134
91,156
91,213
91,242
91,265
91,326
91,341
91,365
91,375
91,406
91,476
91,502
91,513
91,530
91,544
91,613
91,681
91,683
92,98
92,176
92,178
92,197
92,328
92,329
92,351
92,367
92,372
92,426
92,427
92,456
92,464
92,492
92,536
92,549
92,551
92,609
92,615
92,700
92,718
93,131
93,171
93,180
93,188
93,200
93,216
93,277
93,286
93,332
93,333
93,428
93,511
93,528
93,571
93,579
93,580
93,593
93,601
93,618
93,619
93,652
93,703
93,716
94,133
94,149
94,171
94,244
94,314
94,325
94,338
94,345
94,350
94,396
94,417
94,496
94,507
94,534
94,566
94,606
94,613
94,659
94,673
94,682
94,714
95,109
95,119
95,128
95,136
95,152
95,163
95,206
95,244
95,248
95,336
95,343
95,360
95,378
95,388
95,448
95,496
95,501
95,506
95,550
95,563
95,588
95,617
95,630
95,712
95,727
96,99
96,100
96,105
96,106
96,130
96,153
96,181
96,186
96,219
96,234
96,304
96,309
96,366
96,369
96,370
96,457
96,554
96,630
96,672
96,701
97,108
97,173
97,195
97,205
97,218
97,274
97,296
97,418
97,435
97,437
97,493
97,494
97,519
97,525
97,526
97,582
97,585
97,605
97,631
97,655
97,722
98,176
98,178
98,197
98,328
98,329
98,351
98,367
98,372
98,426
98,427
98,456
98,464
98,492
98,536
98,549
98,551
98,609
98,615
98,700
98,718
99,100
99,105
99,106
99,130
99,153
99,181
99,219
99,234
99,300
99,304
99,309
99,366
99,369
99,370
99,457
99,554
99,630
99,662
99,672
99,701
100,105
100,106
100,130
100,153
100,181
100,219
100,234
100,304
100,309
100,366
100,369
100,370
100,457
100,554
100,630
100,672
100,701
101,112
101,124
101,132
101,189
101,207
101,209
101,214
101,223
101,230
101,239
101,262
101,320
101,344
101,354
101,361
101,362
101,445
101,457
101,483
101,484
101,512
102,120
102,186
102,201
102,222
102,228
102,235
102,236
102,264
102,305
102,324
102,334
102,353
102,368
102,429
102,489
102,499
102,548
102,552
102,595
102,697
102,710
103,104
103,169
103,229
103,256
103,267
103,275
103,276
103,295
103,317
103,318
103,355
103,357
103,446
103,509
103,510
103,546
103,564
103,581
103,592
104,169
104,229
104,256
104,267
104,275
104,276
104,295
104,317
104,318
104,355
104,357
104,446
104,509
104,510
104,546
104,564
104,581
104,592
105,106
105,130
105,153
105,181
105,219
105,234
105,304
105,309
105,366
105,369
105,370
105,457
105,554
105,630
105,672
105,701
106,130
106,153
106,181
106,219
106,234
106,304
106,309
106,366
106,369
106,370
106,457
106,554
106,630
106,672
106,701
107,113
107,146
107,182
107,210
107,217
107,278
107,321
107,337
107,407
107,420
107,488
107,533
107,579
107,626
107,627
107,662
107,705
108,173
108,195
108,205
108,218
108,274
108,296
108,418
108,435
108,493
108,494
108,519
108,525
108,526
108,582
108,585
108,605
108,631
108,655
108,722
109,119
109,128
109,136
109,152
109,163
109,206
109,248
109,336
109,343
109,360
109,378
109,388
109,448
109,501
109,506
109,550
109,563
109,588
109,617
109,712
109,727
110,111
110,150
110,151
110,154
110,155
110,164
110,179
110,227
110,231
110,238
110,245
110,294
110,316
110,342
110,349
110,371
110,373
110,397
110,547
110,569
110,572
110,586
110,591
110,627
110,629
110,643
110,644
110,717
110,719
110,720
111,135
111,150
111,154
111,155
111,164
111,227
111,245
111,294
111,316
111,319
111,349
111,368
111,371
111,373
111,397
111,419
111,429
111,489
111,529
111,569
111,572
111,591
111,629
111,643
111,644
111,719
111,720
112,124
112,132
112,189
112,207
112,209
112,214
112,223
112,230
112,239
112,262
112,320
112,344
112,354
112,361
112,362
112,445
112,483
112,484
112,512
113,146
113,182
113,210
113,217
113,278
113,321
113,337
113,407
113,420
113,488
113,533
113,579
113,626
113,627
113,662
113,674
113,705
114,127
114,159
114,160
114,161
114,246
114,257
114,297
114,322
114,398
114,421
114,472
114,474
114,485
114,523
114,553
114,621
114,632
114,638
114,639
114,649
114,657
114,671
114,682
114,715
114,726
115,190
115,194
115,200
115,259
115,342
115,363
115,379
115,383
115,403
115,500
115,505
115,537
115,574
115,587
115,597
115,649
115,691
115,702
115,706
116,139
116,144
116,150
116,231
116,232
116,238
116,258
116,303
116,308
116,318
116,335
116,348
116,371
116,415
116,434
116,460
116,528
116,562
116,575
116,576
116,583
116,603
116,606
116,616
116,646
116,668
116,713
117,126
117,134
117,156
117,213
117,242
117,265
117,326
117,341
117,365
117,375
117,406
117,476
117,502
117,513
117,530
117,544
117,681
117,683
117,700
118,138
118,199
118,220
118,272
118,340
118,346
118,347
118,387
118,404
118,437
118,503
118,520
118,590
118,595
118,628
118,664
118,670
118,709
119,128
119,136
119,152
119,163
119,206
119,248
119,336
119,343
119,360
119,378
119,388
119,448
119,501
119,506
119,550
119,563
119,588
119,617
119,712
119,727
120,186
120,201
120,222
120,228
120,235
120,236
120,293
120,305
120,324
120,334
120,353
120,368
120,429
120,489
120,499
120,548
120,552
120,595
120,708
120,710
120,733
121,129
121,165
121,166
121,167
121,168
121,185
121,191
121,226
121,240
121,276
121,352
121,359
121,430
121,461
121,463
121,486
121,531
121,607
121,634
121,711
122,203
122,266
122,327
122,374
122,385
122,433
122,442
122,454
122,475
122,480
122,498
122,517
122,573
122,577
122,611
122,614
122,623
122,648
122,678
122,687
123,125
123,141
123,237
123,249
123,252
123,291
123,416
123,422
123,447
123,449
123,452
123,478
123,481
123,482
123,558
123,622
123,675
124,132
124,189
124,207
124,209
124,214
124,223
124,230
124,239
124,262
124,271
124,320
124,344
124,354
124,361
124,362
124,445
124,483
124,484
124,512
124,615
125,141
125,237
125,249
125,252
125,291
125,404
125,416
125,422
125,447
125,449
125,452
125,461
125,478
125,481
125,482
125,483
125,565
125,622
125,661
125,675
126,134
126,156
126,213
126,242
126,265
126,326
126,341
126,365
126,375
126,406
126,476
126,502
126,513
126,530
126,544
126,681
126,683
127,159
127,160
127,161
127,246
127,257
127,297
127,322
127,398
127,474
127,485
127,553
127,621
127,632
127,638
127,639
127,657
127,671
127,690
127,715
127,726
128,136
128,152
128,163
128,206
128,248
128,336
128,343
128,360
128,378
128,388
128,448
128,501
128,506
128,513
128,550
128,563
128,588
128,617
128,712
128,727
129,155
129,164
129,165
129,166
129,167
129,168
129,185
129,191
129,226
129,240
129,352
129,359
129,373
129,397
129,430
129,461
129,463
129,486
129,531
129,607
129,634
129,677
129,685
129,711
130,153
130,181
130,219
130,234
130,291
130,304
130,309
130,366
130,369
130,370
130,382
130,452
130,457
130,481
130,503
130,534
130,554
130,630
130,670
130,672
130,701
131,180
131,188
131,216
131,277
131,286
131,294
131,332
131,333
131,381
131,428
131,432
131,443
131,511
131,528
131,571
131,580
131,589
131,593
131,601
131,618
131,619
131,623
131,644
131,652
131,703
131,716
131,719
132,189
132,207
132,209
132,214
132,223
132,230
132,239
132,262
132,320
132,344
132,354
132,361
132,362
132,445
132,483
132,484
132,512
133,149
133,171
133,244
133,314
133,325
133,338
133,345
133,350
133,396
133,417
133,496
133,507
133,534
133,566
133,606
133,613
133,659
133,673
133,682
133,714
134,156
134,213
134,242
134,265
134,326
134,341
134,365
134,375
134,406
134,476
134,502
134,513
134,530
134,544
134,681
134,683
135,145
135,151
135,224
135,233
135,245
135,279
135,280
135,289
135,319
135,323
135,331
135,349
135,368
135,376
135,419
135,429
135,431
135,436
135,443
135,489
135,490
135,529
135,547
135,567
135,569
135,586
135,643
135,676
135,699
135,717
135,720
136,152
136,163
136,206
136,248
136,336
136,343
136,360
136,378
136,388
136,448
136,501
136,506
136,550
136,563
136,588
136,617
136,712
136,727
137,192
137,204
137,247
137,273
137,284
137,306
137,315
137,380
137,389
137,467
137,495
137,570
137,584
137,598
137,599
137,666
138,193
138,199
138,220
138,272
138,340
138,346
138,347
138,387
138,404
138,408
138,437
138,503
138,520
138,590
138,628
138,664
138,670
138,709
139,144
139,231
139,232
139,238
139,258
139,303
139,308
139,335
139,348
139,398
139,415
139,430
139,434
139,440
139,575
139,576
139,583
139,603
139,616
139,654
139,668
139,702
139,713
140,145
140,172
140,177
140,179
140,311
140,316
140,327
140,375
140,384
140,386
140,408
140,442
140,454
140,455
140,460
140,522
140,527
140,532
140,577
140,612
140,625
140,654
140,667
140,677
140,678
140,679
140,685
140,687
140,707
140,721
141,237
141,246
141,249
141,252
141,291
141,416
141,422
141,436
141,447
141,449
141,452
141,478
141,481
141,482
141,516
141,622
141,675
141,696
142,143
142,147
142,157
142,175
142,187
142,263
142,299
142,300
142,301
142,432
142,444
142,455
142,469
142,514
142,535
142,539
142,542
142,624
142,653
142,660
142,669
142,698
143,147
143,157
143,175
143,187
143,263
143,299
143,300
143,301
143,309
143,332
143,432
143,444
143,455
143,469
143,514
143,535
143,539
143,542
143,624
143,645
143,653
143,669
143,698
144,150
144,231
144,232
144,238
144,258
144,303
144,308
144,318
144,335
144,348
144,371
144,415
144,434
144,460
144,528
144,562
144,575
144,576
144,583
144,603
144,606
144,616
144,646
144,668
144,713
145,151
145,224
145,233
145,279
145,280
145,289
145,316
145,323
145,327
145,331
145,375
145,376
145,431
145,436
145,442
145,443
145,454
145,455
145,490
145,529
145,547
145,567
145,577
145,586
145,676
145,678
145,687
145,699
145,717
145,721
146,182
146,210
146,217
146,278
146,286
146,321
146,326
146,337
146,407
146,420
146,488
146,533
146,579
146,626
146,627
146,662
146,705
147,157
147,175
147,187
147,263
147,299
147,300
147,301
147,432
147,444
147,455
147,469
147,514
147,535
147,539
147,542
147,624
147,653
147,669
147,698
148,208
148,298
148,307
148,310
148,313
148,458
148,459
148,468
148,470
148,471
148,477
148,479
148,515
148,518
148,541
148,620
148,680
148,686
149,171
149,244
149,314
149,325
149,338
149,345
149,350
149,396
149,417
149,496
149,507
149,534
149,566
149,606
149,613
149,659
149,673
149,682
149,714
150,154
150,155
150,164
150,227
150,245
150,294
150,316
150,318
150,349
150,371
150,373
150,397
150,460
150,528
150,562
150,569
150,572
150,576
150,591
150,606
150,629
150,643
150,644
150,646
150,713
150,719
150,720
151,179
151,224
151,227
151,231
151,233
151,238
151,279
151,280
151,289
151,323
151,331
151,342
151,376
151,431
151,436
151,443
151,490
151,529
151,547
151,567
151,586
151,627
151,676
151,699
151,717
152,163
152,206
152,248
152,336
152,343
152,360
152,378
152,388
152,448
152,501
152,506
152,550
152,563
152,588
152,617
152,712
152,727
153,181
153,219
153,234
153,304
153,309
153,366
153,369
153,370
153,457
153,554
153,630
153,672
153,701
154,155
154,164
154,183
154,224
154,227
154,245
154,294
154,308
154,316
154,335
154,349
154,371
154,373
154,397
154,462
154,555
154,569
154,572
154,591
154,629
154,642
154,643
154,644
154,707
154,719
154,720
154,726
155,164
155,166
155,227
155,245
155,294
155,316
155,349
155,359
155,371
155,373
155,397
155,569
155,572
155,591
155,629
155,643
155,644
155,677
155,685
155,719
155,720
156,213
156,242
156,265
156,326
156,341
156,365
156,375
156,406
156,476
156,502
156,513
156,530
156,544
156,681
156,683
157,175
157,187
157,240
157,263
157,299
157,300
157,301
157,432
157,434
157,444
157,455
157,469
157,491
157,514
157,521
157,535
157,539
157,542
157,603
157,624
157,653
157,669
157,698
158,174
158,243
158,292
158,293
158,439
158,540
158,568
158,640
158,641
158,695
158,704
158,708
158,732
158,733
159,160
159,161
159,226
159,246
159,257
159,297
159,302
159,322
159,398
159,474
159,485
159,553
159,621
159,632
159,638
159,639
159,657
159,671
159,714
159,715
159,726
160,161
160,246
160,257
160,281
160,297
160,322
160,398
160,474
160,485
160,553
160,614
160,621
160,632
160,638
160,639
160,657
160,671
160,715
160,726
161,246
161,257
161,297
161,322
161,398
161,474
161,485
161,553
161,621
161,632
161,638
161,639
161,657
161,671
161,715
161,726
162,215
162,241
162,260
162,266
162,271
162,299
162,301
162,339
162,364
162,384
162,431
162,453
162,504
162,578
162,596
162,602
162,610
162,661
162,665
162,690
162,692
162,693
162,703
162,721
162,723
163,206
163,248
163,336
163,343
163,360
163,378
163,388
163,448
163,501
163,506
163,550
163,563
163,588
163,617
163,712
163,727
164,166
164,227
164,245
164,294
164,316
164,349
164,359
164,371
164,373
164,397
164,569
164,572
164,591
164,629
164,643
164,644
164,677
164,685
164,719
164,720
165,166
165,167
165,168
165,185
165,191
165,226
165,240
165,285
165,352
165,359
165,430
165,461
165,463
165,486
165,531
165,607
165,634
165,711
165,729
166,167
166,168
166,185
166,191
166,226
166,240
166,352
166,359
166,373
166,397
166,430
166,461
166,463
166,486
166,531
166,607
166,634
166,677
166,685
166,711
167,168
167,185
167,191
167,226
167,240
167,352
167,359
167,430
167,461
167,463
167,486
167,531
167,607
167,634
167,711
168,185
168,191
168,226
168,240
168,352
168,359
168,410
168,430
168,461
168,463
168,486
168,531
168,557
168,607
168,634
168,711
169,196
169,229
169,256
169,267
169,275
169,276
169,295
169,304
169,317
169,318
169,352
169,355
169,357
169,369
169,446
169,509
169,510
169,526
169,546
169,564
169,581
169,592
169,652
169,667
170,250
170,251
170,253
170,254
170,255
170,356
170,400
170,401
170,402
170,410
170,423
170,545
170,556
170,557
170,558
170,656
170,660
170,674
170,694
170,696
171,200
171,244
171,314
171,325
171,338
171,345
171,350
171,396
171,417
171,496
171,507
171,534
171,566
171,579
171,593
171,606
171,613
171,659
171,673
171,682
171,714
172,177
172,179
172,311
172,384
172,386
172,408
172,460
172,522
172,527
172,532
172,604
172,612
172,621
172,625
172,654
172,667
172,677
172,679
172,685
172,706
172,707
173,195
173,205
173,218
173,274
173,296
173,418
173,435
173,493
173,494
173,519
173,525
173,526
173,582
173,585
173,605
173,631
173,655
173,722
174,243
174,292
174,293
174,439
174,540
174,568
174,640
174,641
174,695
174,704
174,708
174,732
174,733
175,187
175,263
175,299
175,300
175,301
175,325
175,432
175,444
175,455
175,469
175,511
175,514
175,535
175,539
175,542
175,624
175,653
175,669
175,698
176,178
176,197
176,328
176,329
176,351
176,367
176,372
176,426
176,427
176,456
176,464
176,492
176,536
176,549
176,551
176,609
176,615
176,700
176,718
177,179
177,218
177,221
177,260
177,261
177,279
177,311
177,366
177,384
177,386
177,408
177,422
177,460
177,522
177,527
177,532
177,572
177,591
177,612
177,625
177,654
177,667
177,677
177,679
177,685
177,693
177,707
178,197
178,328
178,329
178,351
178,367
178,372
178,426
178,427
178,456
178,464
178,492
178,536
178,549
178,551
178,609
178,615
178,700
178,718
179,227
179,231
179,238
179,311
179,342
179,384
179,386
179,408
179,460
179,522
179,527
179,532
179,547
179,586
179,612
179,625
179,627
179,654
179,667
179,677
179,679
179,685
179,707
179,717
180,188
180,216
180,277
180,286
180,332
180,333
180,428
180,511
180,528
180,571
180,580
180,593
180,601
180,618
180,619
180,652
180,703
180,716
181,219
181,234
181,304
181,309
181,366
181,369
181,370
181,457
181,554
181,630
181,672
181,701
182,210
182,217
182,278
182,321
182,337
182,407
182,420
182,488
182,533
182,579
182,626
182,627
182,662
182,705
183,184
183,198
183,204
183,224
183,270
183,302
183,308
183,312
183,335
183,462
183,497
183,516
183,524
183,538
183,555
183,633
183,635
183,636
183,637
183,642
183,684
183,688
183,697
183,707
183,726
183,736
184,198
184,204
184,270
184,302
184,312
184,497
184,516
184,524
184,538
184,633
184,635
184,636
184,637
184,684
184,688
184,697
184,736
185,191
185,212
185,226
185,240
185,352
185,359
185,425
185,430
185,449
185,461
185,463
185,486
185,490
185,531
185,607
185,622
185,634
185,675
185,676
185,711
185,728
186,201
186,222
186,228
186,235
186,236
186,305
186,324
186,334
186,353
186,368
186,429
186,489
186,499
186,548
186,552
186,595
186,710
187,263
187,299
187,300
187,301
187,432
187,444
187,455
187,469
187,514
187,535
187,539
187,542
187,624
187,653
187,669
187,698
188,216
188,277
188,286
188,332
188,333
188,428
188,511
188,528
188,571
188,580
188,593
188,601
188,618
188,619
188,652
188,703
188,716
189,207
189,209
189,214
189,223
189,230
189,239
189,262
189,320
189,333
189,344
189,354
189,361
189,362
189,445
189,483
189,484
189,512
189,578
189,601
189,655
190,194
190,197
190,200
190,232
190,254
190,259
190,342
190,363
190,379
190,383
190,403
190,500
190,505
190,537
190,574
190,587
190,597
190,649
190,691
190,702
190,706
191,226
191,240
191,324
191,352
191,359
191,430
191,461
191,463
191,486
191,531
191,607
191,634
191,711
192,247
192,273
192,284
192,306
192,315
192,380
192,389
192,467
192,495
192,570
192,584
192,598
192,599
192,666
193,264
193,281
193,282
193,285
193,382
193,408
193,438
193,441
193,465
193,466
193,491
193,646
193,647
193,650
193,651
193,689
193,724
193,725
193,729
193,730
193,734
193,735
194,200
194,259
194,342
194,363
194,379
194,383
194,403
194,500
194,505
194,537
194,574
194,587
194,597
194,649
194,691
194,702
194,706
195,205
195,218
195,274
195,296
195,418
195,435
195,444
195,493
195,494
195,519
195,525
195,526
195,582
195,585
195,605
195,631
195,655
195,722
196,275
196,288
196,304
196,352
196,369
196,381
196,409
196,421
196,425
196,440
196,472
196,473
196,508
196,521
196,523
196,526
196,543
196,562
196,565
196,589
196,594
196,604
196,652
196,663
196,667
196,728
197,232
197,254
197,328
197,329
197,351
197,367
197,372
197,426
197,427
197,456
197,464
197,492
197,536
197,549
197,551
197,609
197,615
197,700
197,718
198,204
198,270
198,302
198,312
198,497
198,516
198,524
198,538
198,633
198,635
198,636
198,637
198,658
198,684
198,688
198,697
198,736
199,220
199,272
199,274
199,340
199,346
199,347
199,387
199,404
199,437
199,503
199,520
199,590
199,628
199,664
199,670
199,709
200,259
200,342
200,363
200,379
200,383
200,403
200,500
200,505
200,537
200,574
200,579
200,587
200,593
200,597
200,649
200,691
200,702
200,706
201,222
201,228
201,235
201,236
201,305
201,324
201,334
201,353
201,368
201,429
201,489
201,499
201,548
201,552
201,595
201,710
202,211
202,212
202,221
202,225
202,261
202,287
202,319
202,358
202,419
202,424
202,450
202,451
202,462
202,486
202,487
202,555
202,600
202,608
202,618
202,642
202,645
203,327
203,374
203,385
203,433
203,442
203,454
203,475
203,480
203,498
203,517
203,518
203,573
203,577
203,611
203,614
203,623
203,648
203,656
203,678
203,687
204,270
204,302
204,312
204,497
204,516
204,524
204,538
204,633
204,635
204,636
204,637
204,684
204,688
204,697
204,736
205,218
205,274
205,296
205,418
205,435
205,493
205,494
205,519
205,525
205,526
205,559
205,582
205,585
205,605
205,631
205,655
205,722
206,248
206,336
206,343
206,360
206,378
206,388
206,448
206,501
206,506
206,550
206,563
206,588
206,617
206,712
206,727
207,209
207,214
207,223
207,230
207,239
207,262
207,320
207,344
207,354
207,361
207,362
207,445
207,483
207,484
207,512
208,298
208,307
208,310
208,313
208,458
208,459
208,468
208,470
208,471
208,477
208,479
208,515
208,518
208,541
208,620
208,680
208,686
209,214
209,223
209,230
209,239
209,262
209,320
209,344
209,354
209,361
209,362
209,445
209,483
209,484
209,512
210,217
210,278
210,321
210,337
210,407
210,420
210,488
210,533
210,579
210,626
210,627
210,662
210,705
211,212
211,221
211,225
211,261
211,287
211,319
211,358
211,419
211,424
211,450
211,451
211,462
211,486
211,487
211,555
211,600
211,608
211,618
211,642
211,645
212,221
212,225
212,261
212,287
212,319
212,358
212,419
212,424
212,425
212,449
212,450
212,451
212,462
212,487
212,490
212,555
212,600
212,608
212,622
212,642
212,645
212,675
212,676
212,728
213,242
213,265
213,326
213,341
213,365
213,375
213,406
213,476
213,502
213,513
213,530
213,544
213,635
213,681
213,683
214,223
214,230
214,239
214,262
214,320
214,344
214,354
214,361
214,362
214,445
214,483
214,484
214,512
215,241
215,257
215,260
215,266
215,271
215,339
215,364
215,445
215,453
215,504
215,578
215,596
215,602
215,610
215,638
215,661
215,665
215,690
215,692
215,693
215,721
215,723
216,277
216,286
216,294
216,332
216,333
216,381
216,428
216,432
216,443
216,511
216,528
216,571
216,580
216,589
216,593
216,601
216,618
216,619
216,623
216,644
216,652
216,703
216,716
216,719
217,278
217,321
217,337
217,407
217,420
217,488
217,533
217,579
217,625
217,626
217,627
217,662
217,705
218,221
218,260
218,261
218,274
218,279
218,296
218,366
218,418
218,422
218,435
218,493
218,494
218,519
218,525
218,526
218,572
218,582
218,585
218,591
218,605
218,631
218,655
218,693
218,722
219,234
219,304
219,309
219,366
219,369
219,370
219,457
219,554
219,630
219,672
219,701
220,272
220,340
220,346
220,347
220,387
220,404
220,437
220,503
220,520
220,590
220,628
220,664
220,670
220,709
221,225
221,260
221,261
221,279
221,287
221,319
221,358
221,366
221,419
221,422
221,424
221,450
221,451
221,462
221,487
221,555
221,572
221,591
221,600
221,608
221,642
221,645
221,693
222,228
222,235
222,236
222,305
222,324
222,334
222,353
222,368
222,429
222,489
222,499
222,548
222,552
222,595
222,710
223,230
223,239
223,262
223,320
223,344
223,354
223,361
223,362
223,445
223,483
223,484
223,512
224,233
224,279
224,280
224,289
224,308
224,323
224,331
224,335
224,376
224,431
224,436
224,443
224,462
224,490
224,529
224,547
224,555
224,567
224,586
224,642
224,676
224,699
224,707
224,717
224,726
225,261
225,287
225,319
225,358
225,419
225,424
225,450
225,451
225,462
225,487
225,555
225,600
225,608
225,642
225,645
226,240
226,302
226,352
226,359
226,430
226,461
226,463
226,486
226,531
226,607
226,634
226,711
226,714
227,231
227,238
227,245
227,294
227,316
227,342
227,349
227,371
227,373
227,397
227,547
227,569
227,572
227,586
227,591
227,627
227,629
227,643
227,644
227,717
227,719
227,720
228,235
228,236
228,305
228,324
228,334
228,353
228,368
228,429
228,489
228,499
228,548
228,552
228,595
228,710
229,256
229,267
229,275
229,276
229,295
229,317
229,318
229,355
229,357
229,446
229,509
229,510
229,546
229,564
229,581
229,592
230,239
230,262
230,320
230,344
230,354
230,361
230,362
230,445
230,483
230,484
230,512
231,232
231,238
231,258
231,303
231,308
231,335
231,342
231,348
231,415
231,434
231,547
231,575
231,576
231,583
231,586
231,603
231,616
231,627
231,668
231,713
231,717
232,238
232,254
232,258
232,303
232,308
232,335
232,348
232,415
232,434
232,575
232,576
232,583
232,603
232,616
232,668
232,713
233,279
233,280
233,289
233,323
233,331
233,376
233,431
233,436
233,443
233,490
233,529
233,547
233,567
233,586
233,676
233,699
233,717
234,280
234,287
234,304
234,309
234,366
234,369
234,370
234,457
234,469
234,554
234,600
234,608
234,630
234,631
234,672
234,701
234,734
235,236
235,305
235,324
235,334
235,353
235,368
235,429
235,489
235,499
235,548
235,552
235,595
235,710
236,305
236,324
236,334
236,353
236,368
236,429
236,489
236,499
236,548
236,552
236,595
236,710
237,249
237,252
237,291
237,416
237,422
237,447
237,449
237,452
237,478
237,481
237,482
237,622
237,675
237,711
238,258
238,303
238,308
238,335
238,342
238,348
238,415
238,434
238,547
238,575
238,576
238,583
238,586
238,603
238,616
238,627
238,668
238,713
238,717
239,262
239,320
239,344
239,354
239,361
239,362
239,391
239,445
239,483
239,484
239,512
240,352
240,359
240,430
240,434
240,461
240,463
240,486
240,491
240,521
240,531
240,603
240,607
240,634
240,711
241,260
241,266
241,271
241,339
241,364
241,453
241,480
241,497
241,504
241,578
241,596
241,602
241,610
241,661
241,665
241,690
241,692
241,693
241,721
241,723
242,265
242,326
242,341
242,365
242,375
242,406
242,476
242,502
242,513
242,530
242,544
242,574
242,681
242,683
242,718
243,292
243,293
243,439
243,540
243,568
243,640
243,641
243,695
243,704
243,708
243,732
243,733
244,314
244,325
244,338
244,345
244,350
244,396
244,417
244,496
244,507
244,534
244,566
244,606
244,613
244,630
244,659
244,673
244,682
244,714
245,294
245,316
245,319
245,349
245,368
245,371
245,373
245,397
245,419
245,429
245,489
245,529
245,569
245,572
245,591
245,629
245,643
245,644
245,719
245,720
246,257
246,297
246,322
246,398
246,436
246,474
246,485
246,516
246,553
246,621
246,632
246,638
246,639
246,657
246,671
246,696
246,715
246,726
247,273
247,284
247,306
247,315
247,380
247,389
247,467
247,495
247,570
247,584
247,598
247,599
247,666
248,336
248,343
248,360
248,378
248,388
248,448
248,501
248,506
248,550
248,563
248,588
248,617
248,712
248,727
249,252
249,291
249,404
249,416
249,422
249,447
249,449
249,452
249,461
249,478
249,481
249,482
249,483
249,565
249,622
249,661
249,675
250,251
250,253
250,254
250,255
250,356
250,400
250,401
250,402
250,410
250,423
250,482
250,545
250,556
250,557
250,558
250,653
250,656
250,660
250,674
250,694
250,696
251,253
251,254
251,255
251,336
251,356
251,400
251,401
251,402
251,410
251,423
251,545
251,556
251,557
251,558
251,656
251,660
251,674
251,694
251,696
252,291
252,404
252,416
252,422
252,447
252,449
252,452
252,461
252,478
252,481
252,482
252,483
252,565
252,622
252,661
252,675
253,254
253,255
253,356
253,400
253,401
253,402
253,410
253,423
253,545
253,556
253,557
253,558
253,656
253,660
253,674
253,694
253,696
254,255
254,356
254,400
254,401
254,402
254,410
254,423
254,545
254,556
254,557
254,558
254,656
254,660
254,674
254,694
254,696
255,356
255,400
255,401
255,402
255,410
255,423
255,545
255,556
255,557
255,558
255,656
255,660
255,674
255,694
255,696
256,267
256,275
256,276
256,295
256,317
256,318
256,355
256,357
256,446
256,509
256,510
256,546
256,564
256,581
256,592
257,297
257,322
257,398
257,445
257,474
257,485
257,553
257,621
257,632
257,638
257,639
257,657
257,671
257,692
257,715
257,723
257,726
258,303
258,308
258,335
258,348
258,398
258,415
258,430
258,434
258,440
258,575
258,576
258,583
258,603
258,616
258,654
258,668
258,702
258,713
259,342
259,363
259,379
259,383
259,403
259,500
259,505
259,537
259,553
259,574
259,587
259,597
259,649
259,691
259,702
259,706
260,261
260,266
260,271
260,279
260,339
260,364
260,366
260,422
260,453
260,504
260,572
260,578
260,591
260,596
260,602
260,610
260,661
260,665
260,690
260,692
260,693
260,721
260,723
261,279
261,287
261,319
261,358
261,366
261,419
261,422
261,424
261,450
261,451
261,462
261,487
261,555
261,572
261,591
261,600
261,608
261,642
261,645
261,693
262,320
262,344
262,354
262,361
262,362
262,445
262,483
262,484
262,512
263,299
263,300
263,301
263,432
263,444
263,455
263,469
263,514
263,535
263,539
263,542
263,624
263,653
263,660
263,669
263,698
264,281
264,282
264,285
264,382
264,438
264,441
264,465
264,466
264,491
264,646
264,647
264,650
264,651
264,689
264,697
264,724
264,725
264,729
264,730
264,734
264,735
265,326
265,341
265,365
265,375
265,406
265,476
265,502
265,513
265,530
265,544
265,681
265,683
266,271
266,339
266,364
266,453
266,504
266,578
266,596
266,602
266,610
266,661
266,665
266,690
266,692
266,693
266,721
266,723
267,275
267,276
267,295
267,317
267,318
267,355
267,357
267,446
267,494
267,509
267,510
267,546
267,564
267,581
267,592
268,269
268,283
268,290
268,330
268,377
268,390
268,391
268,392
268,393
268,394
268,395
268,399
268,405
268,411
268,412
268,413
268,414
268,559
268,560
268,561
268,658
268,731
269,283
269,290
269,330
269,377
269,390
269,391
269,392
269,393
269,394
269,395
269,399
269,405
269,411
269,412
269,413
269,414
269,559
269,560
269,561
269,658
269,731
270,302
270,312
270,497
270,516
270,524
270,538
270,633
270,635
270,636
270,637
270,684
270,688
270,697
270,736
271,339
271,364
271,453
271,504
271,578
271,596
271,602
271,610
271,615
271,661
271,665
271,690
271,692
271,693
271,721
271,723
272,340
272,346
272,347
272,387
272,404
272,437
272,503
272,520
272,590
272,628
272,664
272,670
272,709
273,284
273,306
273,315
273,380
273,389
273,467
273,495
273,570
273,584
273,598
273,599
273,666
274,296
274,418
274,435
274,493
274,494
274,519
274,525
274,526
274,582
274,585
274,605
274,631
274,655
274,722
275,276
275,295
275,304
275,317
275,318
275,352
275,355
275,357
275,369
275,446
275,509
275,510
275,526
275,546
275,564
275,581
275,592
275,652
275,667
276,295
276,317
276,318
276,355
276,357
276,446
276,509
276,510
276,546
276,564
276,581
276,592
277,286
277,332
277,333
277,424
277,428
277,511
277,517
277,528
277,537
277,571
277,580
277,593
277,601
277,618
277,619
277,636
277,652
277,703
277,716
278,321
278,337
278,407
278,420
278,488
278,533
278,579
278,626
278,627
278,662
278,705
279,280
279,289
279,323
279,331
279,366
279,376
279,422
279,431
279,436
279,443
279,490
279,529
279,547
279,567
279,572
279,586
279,591
279,676
279,693
279,699
279,717
280,287
280,289
280,323
280,331
280,376
280,431
280,436
280,443
280,469
280,490
280,529
280,547
280,567
280,586
280,600
280,608
280,631
280,676
280,699
280,717
280,734
281,282
281,285
281,382
281,438
281,441
281,465
281,466
281,491
281,614
281,646
281,647
281,650
281,651
281,689
281,724
281,725
281,729
281,730
281,734
281,735
282,285
282,364
282,382
282,438
282,441
282,465
282,466
282,491
282,646
282,647
282,650
282,651
282,683
282,689
282,724
282,725
282,729
282,730
282,734
282,735
283,290
283,330
283,377
283,390
283,391
283,392
283,393
283,394
283,395
283,399
283,405
283,411
283,412
283,413
283,414
283,559
283,560
283,561
283,566
283,658
283,731
284,306
284,315
284,380
284,389
284,467
284,495
284,570
284,584
284,598
284,599
284,666
285,382
285,438
285,441
285,465
285,466
285,491
285,646
285,647
285,650
285,651
285,689
285,724
285,725
285,729
285,730
285,734
285,735
286,326
286,332
286,333
286,428
286,511
286,528
286,571
286,580
286,593
286,601
286,618
286,619
286,652
286,703
286,716
287,319
287,358
287,419
287,424
287,450
287,451
287,462
287,469
287,487
287,555
287,600
287,608
287,631
287,642
287,645
287,734
288,311
288,381
288,409
288,421
288,425
288,440
288,472
288,473
288,508
288,521
288,522
288,523
288,525
288,527
288,543
288,562
288,565
288,567
288,589
288,594
288,604
288,663
288,728
289,323
289,331
289,376
289,428
289,431
289,436
289,443
289,490
289,529
289,532
289,540
289,547
289,567
289,586
289,676
289,699
289,704
289,717
289,732
290,330
290,377
290,390
290,391
290,392
290,393
290,394
290,395
290,399
290,405
290,411
290,412
290,413
290,414
290,559
290,560
290,561
290,658
290,689
290,731
291,382
291,416
291,422
291,447
291,449
291,452
291,478
291,481
291,482
291,503
291,534
291,622
291,670
291,675
292,293
292,439
292,540
292,568
292,640
292,641
292,695
292,704
292,708
292,732
292,733
293,439
293,540
293,568
293,640
293,641
293,695
293,704
293,708
293,732
293,733
294,316
294,349
294,371
294,373
294,381
294,397
294,432
294,443
294,569
294,571
294,572
294,589
294,591
294,623
294,629
294,643
294,644
294,719
294,720
295,317
295,318
295,355
295,357
295,446
295,509
295,510
295,546
295,564
295,581
295,592
296,418
296,435
296,450
296,493
296,494
296,519
296,525
296,526
296,582
296,585
296,605
296,619
296,631
296,655
296,716
296,722
297,322
297,398
297,474
297,485
297,553
297,621
297,632
297,638
297,639
297,657
297,663
297,671
297,715
297,726
298,307
298,310
298,313
298,458
298,459
298,468
298,470
298,471
298,477
298,479
298,515
298,518
298,541
298,620
298,680
298,686
299,300
299,301
299,384
299,431
299,432
299,444
299,455
299,469
299,514
299,535
299,539
299,542
299,602
299,624
299,653
299,669
299,698
299,703
300,301
300,432
300,444
300,455
300,469
300,514
300,535
300,539
300,542
300,624
300,653
300,662
300,669
300,698
301,384
301,431
301,432
301,444
301,455
301,469
301,514
301,535
301,539
301,542
301,602
301,624
301,653
301,669
301,698
301,703
302,312
302,497
302,516
302,524
302,538
302,633
302,635
302,636
302,637
302,684
302,688
302,697
302,714
302,736
303,308
303,335
303,348
303,409
303,415
303,433
303,434
303,498
303,543
303,573
303,575
303,576
303,583
303,603
303,616
303,629
303,668
303,679
303,713
304,309
304,352
304,366
304,369
304,370
304,457
304,526
304,554
304,630
304,652
304,667
304,672
304,701
305,324
305,334
305,353
305,368
305,429
305,489
305,499
305,548
305,552
305,595
305,710
306,315
306,380
306,389
306,467
306,495
306,570
306,584
306,598
306,599
306,666
307,310
307,313
307,458
307,459
307,468
307,470
307,471
307,477
307,479
307,515
307,518
307,541
307,620
307,680
307,686
308,335
308,348
308,415
308,434
308,462
308,555
308,575
308,576
308,583
308,603
308,616
308,642
308,668
308,707
308,713
308,726
309,332
309,366
309,369
309,370
309,457
309,554
309,630
309,645
309,672
309,701
310,313
310,458
310,459
310,468
310,470
310,471
310,477
310,479
310,515
310,518
310,541
310,620
310,680
310,686
311,384
311,386
311,408
311,460
311,522
311,525
311,527
311,532
311,567
311,612
311,625
311,654
311,667
311,677
311,679
311,685
311,707
312,497
312,516
312,524
312,538
312,633
312,635
312,636
312,637
312,684
312,688
312,697
312,736
313,458
313,459
313,468
313,470
313,471
313,477
313,479
313,515
313,518
313,541
313,620
313,680
313,686
314,325
314,338
314,345
314,350
314,396
314,417
314,496
314,507
314,534
314,566
314,606
314,613
314,659
314,673
314,682
314,714
315,380
315,389
315,467
315,495
315,570
315,584
315,598
315,599
315,666
316,327
316,349
316,371
316,373
316,375
316,397
316,442
316,454
316,455
316,569
316,572
316,577
316,591
316,629
316,643
316,644
316,678
316,687
316,719
316,720
316,721
317,318
317,355
317,357
317,446
317,509
317,510
317,546
317,564
317,581
317,592
318,355
318,357
318,371
318,446
318,460
318,509
318,510
318,528
318,546
318,562
318,564
318,576
318,581
318,592
318,606
318,646
318,713
319,349
319,358
319,368
319,419
319,424
319,429
319,450
319,451
319,462
319,487
319,489
319,529
319,555
319,569
319,600
319,608
319,642
319,643
319,645
319,720
320,344
320,354
320,361
320,362
320,367
320,445
320,483
320,484
320,512
320,609
321,337
321,340
321,407
321,420
321,488
321,533
321,579
321,626
321,627
321,662
321,705
322,398
322,474
322,485
322,553
322,621
322,632
322,638
322,639
322,657
322,671
322,715
322,726
323,331
323,376
323,431
323,436
323,443
323,490
323,529
323,547
323,567
323,586
323,676
323,699
323,717
324,334
324,353
324,368
324,429
324,489
324,499
324,548
324,552
324,595
324,710
325,338
325,345
325,350
325,396
325,417
325,496
325,507
325,511
325,534
325,539
325,566
325,606
325,613
325,659
325,673
325,682
325,714
326,341
326,365
326,375
326,406
326,476
326,502
326,513
326,530
326,544
326,681
326,683
327,374
327,375
327,385
327,433
327,442
327,454
327,455
327,475
327,480
327,498
327,517
327,573
327,577
327,611
327,614
327,623
327,648
327,678
327,687
327,721
328,329
328,351
328,367
328,372
328,426
328,427
328,456
328,464
328,492
328,536
328,549
328,551
328,609
328,615
328,700
328,718
329,343
329,351
329,367
329,372
329,426
329,427
329,456
329,464
329,492
329,536
329,549
329,551
329,563
329,609
329,615
329,700
329,718
330,377
330,390
330,391
330,392
330,393
330,394
330,395
330,399
330,405
330,411
330,412
330,413
330,414
330,559
330,560
330,561
330,566
330,658
330,731
331,376
331,431
331,436
331,443
331,490
331,529
331,547
331,567
331,586
331,676
331,699
331,717
332,333
332,428
332,511
332,528
332,571
332,580
332,593
332,601
332,618
332,619
332,645
332,652
332,703
332,716
333,428
333,511
333,528
333,571
333,578
333,580
333,593
333,601
333,618
333,619
333,652
333,655
333,703
333,716
334,353
334,355
334,368
334,429
334,446
334,489
334,499
334,548
334,552
334,595
334,710
335,348
335,415
335,434
335,462
335,555
335,575
335,576
335,583
335,603
335,616
335,642
335,668
335,707
335,713
335,726
336,343
336,356
336,360
336,378
336,388
336,401
336,448
336,501
336,506
336,550
336,563
336,588
336,617
336,712
336,727
337,374
337,387
337,396
337,407
337,420
337,488
337,533
337,579
337,626
337,627
337,633
337,662
337,705
338,345
338,350
338,396
338,417
338,496
338,507
338,534
338,566
338,606
338,613
338,659
338,673
338,682
338,714
339,364
339,453
339,504
339,514
339,578
339,596
339,602
339,610
339,661
339,665
339,690
339,692
339,693
339,721
339,723
340,346
340,347
340,387
340,404
340,437
340,503
340,520
340,590
340,628
340,664
340,670
340,709
341,365
341,375
341,406
341,476
341,502
341,513
341,530
341,544
341,681
341,683
342,363
342,379
342,383
342,403
342,500
342,505
342,537
342,547
342,574
342,586
342,587
342,597
342,627
342,649
342,691
342,702
342,706
342,717
343,360
343,378
343,388
343,448
343,501
343,506
343,550
343,563
343,588
343,617
343,712
343,727
344,354
344,361
344,362
344,445
344,483
344,484
344,512
345,350
345,396
345,417
345,496
345,507
345,534
345,566
345,606
345,613
345,659
345,673
345,682
345,714
345,715
346,347
346,387
346,404
346,437
346,503
346,520
346,590
346,628
346,664
346,670
346,709
347,387
347,404
347,437
347,503
347,520
347,590
347,628
347,664
347,670
347,709
348,398
348,415
348,430
348,434
348,440
348,575
348,576
348,583
348,603
348,616
348,654
348,668
348,702
348,713
349,368
349,371
349,373
349,397
349,419
349,429
349,489
349,529
349,569
349,572
349,591
349,629
349,643
349,644
349,719
349,720
350,396
350,417
350,496
350,507
350,534
350,566
350,606
350,613
350,659
350,673
350,682
350,714
351,367
351,372
351,426
351,427
351,456
351,464
351,492
351,536
351,549
351,551
351,609
351,615
351,700
351,718
352,359
352,369
352,430
352,461
352,463
352,486
352,526
352,531
352,607
352,634
352,652
352,667
352,711
353,368
353,429
353,489
353,499
353,548
353,552
353,595
353,710
354,361
354,362
354,445
354,483
354,484
354,512
355,357
355,446
355,509
355,510
355,546
355,564
355,581
355,592
356,400
356,401
356,402
356,410
356,423
356,545
356,556
356,557
356,558
356,656
356,660
356,674
356,694
356,696
357,446
357,509
357,510
357,546
357,564
357,581
357,592
358,419
358,424
358,450
358,451
358,462
358,487
358,555
358,600
358,608
358,642
358,645
359,373
359,397
359,430
359,461
359,463
359,486
359,531
359,607
359,634
359,677
359,685
359,711
360,378
360,388
360,448
360,501
360,506
360,550
360,563
360,588
360,617
360,712
360,727
361,362
361,445
361,483
361,484
361,512
362,445
362,483
362,484
362,512
363,379
363,383
363,403
363,417
363,500
363,505
363,537
363,574
363,587
363,597
363,649
363,691
363,702
363,706
364,438
364,453
364,504
364,578
364,596
364,602
364,610
364,661
364,665
364,683
364,690
364,692
364,693
364,721
364,723
365,375
365,390
365,406
365,476
365,502
365,513
365,530
365,544
365,681
365,683
366,369
366,370
366,422
366,457
366,554
366,572
366,591
366,630
366,672
366,693
366,701
367,372
367,426
367,427
367,456
367,464
367,492
367,536
367,549
367,551
367,609
367,615
367,700
367,718
368,419
368,429
368,489
368,499
368,529
368,548
368,552
368,569
368,595
368,643
368,710
368,720
369,370
369,457
369,526
369,554
369,630
369,652
369,667
369,672
369,701
370,457
370,554
370,630
370,672
370,701
371,373
371,397
371,460
371,528
371,562
371,569
371,572
371,576
371,591
371,606
371,629
371,643
371,644
371,646
371,713
371,719
371,720
372,426
372,427
372,456
372,464
372,492
372,536
372,549
372,551
372,609
372,615
372,700
372,718
373,397
373,569
373,572
373,591
373,629
373,643
373,644
373,677
373,685
373,719
373,720
374,385
374,387
374,396
374,433
374,442
374,454
374,475
374,480
374,498
374,517
374,573
374,577
374,611
374,614
374,623
374,633
374,648
374,678
374,687
375,406
375,442
375,454
375,455
375,476
375,502
375,513
375,530
375,544
375,577
375,678
375,681
375,683
375,687
375,721
376,431
376,436
376,443
376,490
376,502
376,529
376,547
376,567
376,586
376,676
376,699
376,717
377,390
377,391
377,392
377,393
377,394
377,395
377,399
377,405
377,411
377,412
377,413
377,414
377,559
377,560
377,561
377,658
377,731
378,388
378,399
378,448
378,488
378,501
378,506
378,550
378,561
378,563
378,588
378,617
378,647
378,712
378,727
379,383
379,403
379,500
379,505
379,537
379,574
379,587
379,597
379,649
379,691
379,702
379,706
380,389
380,467
380,495
380,570
380,584
380,598
380,599
380,666
381,409
381,421
381,425
381,432
381,440
381,443
381,472
381,473
381,508
381,521
381,523
381,543
381,562
381,565
381,571
381,589
381,594
381,604
381,623
381,644
381,663
381,719
381,728
382,438
382,441
382,452
382,465
382,466
382,481
382,491
382,503
382,534
382,646
382,647
382,650
382,651
382,670
382,689
382,724
382,725
382,729
382,730
382,734
382,735
383,403
383,500
383,505
383,537
383,574
383,587
383,597
383,649
383,691
383,702
383,706
384,386
384,408
384,431
384,460
384,522
384,527
384,532
384,602
384,612
384,625
384,654
384,667
384,677
384,679
384,685
384,703
384,707
385,433
385,442
385,454
385,475
385,480
385,498
385,517
385,518
385,573
385,577
385,611
385,614
385,623
385,648
385,656
385,678
385,687
386,408
386,415
386,460
386,522
386,527
386,532
386,575
386,612
386,616
386,625
386,654
386,667
386,677
386,679
386,681
386,685
386,707
387,396
387,404
387,437
387,503
387,520
387,590
387,628
387,633
387,664
387,670
387,709
388,423
388,448
388,501
388,506
388,550
388,563
388,588
388,617
388,712
388,727
389,467
389,495
389,570
389,584
389,598
389,599
389,666
390,391
390,392
390,393
390,394
390,395
390,399
390,405
390,411
390,412
390,413
390,414
390,559
390,560
390,561
390,658
390,731
391,392
391,393
391,394
391,395
391,399
391,405
391,411
391,412
391,413
391,414
391,559
391,560
391,561
391,658
391,731
392,393
392,394
392,395
392,399
392,405
392,411
392,412
392,413
392,414
392,559
392,560
392,561
392,658
392,731
393,394
393,395
393,399
393,405
393,411
393,412
393,413
393,414
393,559
393,560
393,561
393,658
393,731
394,395
394,399
394,405
394,411
394,412
394,413
394,414
394,559
394,560
394,561
394,658
394,731
395,399
395,405
395,411
395,412
395,413
395,414
395,559
395,560
395,561
395,658
395,731
396,417
396,496
396,507
396,534
396,566
396,606
396,613
396,633
396,659
396,673
396,682
396,714
397,569
397,572
397,591
397,629
397,643
397,644
397,677
397,685
397,719
397,720
398,430
398,440
398,474
398,485
398,553
398,583
398,621
398,632
398,638
398,639
398,654
398,657
398,668
398,671
398,702
398,715
398,726
399,405
399,411
399,412
399,413
399,414
399,488
399,559
399,560
399,561
399,647
399,658
399,731
400,401
400,402
400,410
400,423
400,545
400,556
400,557
400,558
400,656
400,660
400,674
400,694
400,696
401,402
401,410
401,423
401,545
401,556
401,557
401,558
401,656
401,660
401,674
401,694
401,696
402,410
402,423
402,545
402,556
402,557
402,558
402,656
402,660
402,674
402,694
402,696
403,500
403,505
403,537
403,574
403,587
403,597
403,649
403,691
403,702
403,706
404,416
404,437
404,461
404,483
404,503
404,520
404,565
404,590
404,628
404,661
404,664
404,670
404,709
405,411
405,412
405,413
405,414
405,559
405,560
405,561
405,658
405,731
406,476
406,502
406,513
406,530
406,544
406,681
406,683
407,420
407,488
407,533
407,579
407,626
407,627
407,662
407,705
408,460
408,522
408,527
408,532
408,612
408,625
408,654
408,667
408,677
408,679
408,685
408,707
409,421
409,425
409,433
409,440
409,472
409,473
409,498
409,508
409,521
409,523
409,543
409,562
409,565
409,573
409,589
409,594
409,604
409,629
409,663
409,679
409,728
410,423
410,545
410,556
410,557
410,558
410,656
410,660
410,674
410,694
410,696
411,412
411,413
411,414
411,559
411,560
411,561
411,658
411,731
412,413
412,414
412,559
412,560
412,561
412,658
412,731
413,414
413,559
413,560
413,561
413,658
413,731
414,559
414,560
414,561
414,658
414,731
415,434
415,575
415,576
415,583
415,603
415,612
415,616
415,668
415,681
415,713
416,422
416,447
416,449
416,452
416,461
416,478
416,481
416,482
416,483
416,565
416,622
416,661
416,675
417,496
417,507
417,534
417,566
417,606
417,613
417,659
417,673
417,682
417,714
418,435
418,493
418,494
418,519
418,525
418,526
418,582
418,585
418,605
418,631
418,655
418,722
419,424
419,429
419,450
419,451
419,462
419,487
419,489
419,529
419,555
419,569
419,600
419,608
419,642
419,643
419,645
419,720
420,488
420,533
420,579
420,626
420,627
420,662
420,705
421,425
421,440
421,472
421,473
421,508
421,521
421,523
421,543
421,562
421,565
421,589
421,594
421,604
421,649
421,663
421,682
421,728
422,447
422,449
422,452
422,478
422,481
422,482
422,572
422,591
422,622
422,675
422,693
423,545
423,556
423,557
423,558
423,656
423,660
423,674
423,694
423,696
424,450
424,451
424,462
424,487
424,517
424,537
424,555
424,600
424,608
424,636
424,642
424,645
425,440
425,449
425,472
425,473
425,490
425,508
425,521
425,523
425,543
425,562
425,565
425,589
425,594
425,604
425,622
425,663
425,675
425,676
425,728
426,427
426,456
426,464
426,492
426,536
426,549
426,551
426,609
426,615
426,700
426,718
427,456
427,464
427,492
427,536
427,549
427,551
427,609
427,615
427,700
427,718
428,511
428,528
428,532
428,540
428,571
428,580
428,593
428,601
428,618
428,619
428,652
428,703
428,704
428,716
428,732
429,489
429,499
429,529
429,548
429,552
429,569
429,595
429,643
429,710
429,720
430,440
430,461
430,463
430,486
430,531
430,583
430,607
430,634
430,654
430,668
430,702
430,711
431,436
431,443
431,490
431,529
431,547
431,567
431,586
431,602
431,676
431,699
431,703
431,717
432,443
432,444
432,455
432,469
432,514
432,535
432,539
432,542
432,571
432,589
432,623
432,624
432,644
432,653
432,669
432,698
432,719
433,442
433,454
433,475
433,480
433,498
433,517
433,543
433,573
433,577
433,611
433,614
433,623
433,629
433,648
433,678
433,679
433,687
434,491
434,521
434,575
434,576
434,583
434,603
434,616
434,668
434,713
435,493
435,494
435,519
435,525
435,526
435,582
435,585
435,605
435,631
435,655
435,722
436,443
436,490
436,516
436,529
436,547
436,567
436,586
436,676
436,696
436,699
436,717
437,503
437,520
437,590
437,628
437,664
437,670
437,709
438,441
438,465
438,466
438,491
438,646
438,647
438,650
438,651
438,683
438,689
438,724
438,725
438,729
438,730
438,734
438,735
439,540
439,568
439,640
439,641
439,695
439,704
439,708
439,709
439,732
439,733
440,472
440,473
440,508
440,521
440,523
440,543
440,562
440,565
440,583
440,589
440,594
440,604
440,654
440,663
440,668
440,702
440,728
441,465
441,466
441,491
441,646
441,647
441,650
441,651
441,689
441,724
441,725
441,729
441,730
441,734
441,735
442,454
442,455
442,475
442,480
442,498
442,517
442,573
442,577
442,611
442,614
442,623
442,648
442,678
442,687
442,721
443,490
443,529
443,547
443,567
443,571
443,586
443,589
443,623
443,644
443,676
443,699
443,717
443,719
444,455
444,469
444,514
444,535
444,539
444,542
444,624
444,653
444,669
444,698
445,483
445,484
445,512
445,638
445,692
445,723
446,509
446,510
446,546
446,564
446,581
446,592
447,449
447,452
447,478
447,481
447,482
447,622
447,675
447,711
448,501
448,506
448,520
448,550
448,563
448,588
448,617
448,712
448,727
449,452
449,478
449,481
449,482
449,490
449,622
449,675
449,676
449,728
450,451
450,462
450,487
450,555
450,600
450,608
450,619
450,642
450,645
450,716
451,462
451,487
451,555
451,600
451,608
451,642
451,645
452,478
452,481
452,482
452,503
452,534
452,622
452,670
452,675
453,504
453,578
453,596
453,602
453,610
453,661
453,665
453,690
453,692
453,693
453,721
453,723
454,455
454,475
454,480
454,498
454,517
454,573
454,577
454,611
454,614
454,623
454,648
454,678
454,687
454,721
455,469
455,514
455,535
455,539
455,542
455,577
455,624
455,653
455,669
455,678
455,687
455,698
455,721
456,464
456,492
456,536
456,549
456,551
456,609
456,615
456,700
456,718
457,554
457,630
457,672
457,701
458,459
458,468
458,470
458,471
458,477
458,479
458,515
458,518
458,541
458,620
458,680
458,686
459,468
459,470
459,471
459,477
459,479
459,515
459,518
459,541
459,620
459,680
459,686
460,522
460,527
460,528
460,532
460,562
460,576
460,606
460,612
460,625
460,646
460,654
460,667
460,677
460,679
460,685
460,707
460,713
461,463
461,483
461,486
461,531
461,565
461,607
461,634
461,661
461,711
462,487
462,555
462,600
462,608
462,642
462,645
462,707
462,726
463,486
463,531
463,607
463,634
463,711
464,492
464,536
464,549
464,551
464,552
464,609
464,615
464,700
464,718
465,466
465,491
465,646
465,647
465,650
465,651
465,689
465,724
465,725
465,729
465,730
465,734
465,735
466,491
466,646
466,647
466,650
466,651
466,689
466,724
466,725
466,729
466,730
466,734
466,735
467,495
467,570
467,584
467,598
467,599
467,666
468,470
468,471
468,477
468,479
468,515
468,518
468,541
468,620
468,680
468,686
469,514
469,535
469,539
469,542
469,600
469,608
469,624
469,631
469,653
469,669
469,698
469,734
470,471
470,477
470,479
470,515
470,518
470,541
470,620
470,680
470,686
471,477
471,479
471,515
471,518
471,541
471,550
471,620
471,680
471,686
472,473
472,508
472,521
472,523
472,543
472,562
472,565
472,589
472,594
472,604
472,649
472,663
472,682
472,728
473,508
473,521
473,523
473,533
473,543
473,562
473,565
473,589
473,594
473,604
473,663
473,728
474,485
474,553
474,621
474,632
474,638
474,639
474,657
474,671
474,715
474,726
475,480
475,498
475,517
475,518
475,573
475,577
475,611
475,614
475,623
475,648
475,656
475,678
475,687
476,502
476,513
476,530
476,544
476,681
476,683
477,479
477,515
477,518
477,541
477,620
477,680
477,686
478,481
478,482
478,558
478,622
478,675
479,515
479,518
479,541
479,620
479,680
479,686
480,497
480,498
480,517
480,573
480,577
480,611
480,614
480,623
480,648
480,678
480,687
481,482
481,503
481,534
481,622
481,670
481,675
482,622
482,653
482,675
483,484
483,512
483,565
483,661
484,512
484,701
485,553
485,621
485,632
485,638
485,639
485,657
485,663
485,671
485,715
485,726
486,531
486,607
486,618
486,634
486,711
487,555
487,600
487,608
487,642
487,645
488,533
488,561
488,579
488,626
488,627
488,647
488,662
488,705
489,499
489,529
489,548
489,552
489,569
489,595
489,643
489,710
489,720
490,529
490,547
490,567
490,586
490,622
490,675
490,676
490,699
490,717
490,728
491,521
491,603
491,646
491,647
491,650
491,651
491,689
491,724
491,725
491,729
491,730
491,734
491,735
492,535
492,536
492,549
492,551
492,609
492,615
492,700
492,718
493,494
493,519
493,525
493,526
493,582
493,585
493,605
493,624
493,631
493,655
493,722
494,519
494,525
494,526
494,582
494,585
494,605
494,631
494,655
494,722
495,570
495,584
495,598
495,599
495,666
496,507
496,534
496,566
496,606
496,613
496,630
496,659
496,673
496,682
496,714
497,516
497,524
497,538
497,633
497,635
497,636
497,637
497,684
497,688
497,697
497,736
498,517
498,543
498,573
498,577
498,611
498,614
498,623
498,629
498,648
498,678
498,679
498,687
499,548
499,552
499,595
499,710
500,505
500,537
500,574
500,587
500,597
500,649
500,691
500,702
500,706
501,506
501,550
501,563
501,588
501,617
501,712
501,727
502,513
502,530
502,544
502,681
502,683
503,520
503,534
503,590
503,628
503,664
503,670
503,709
504,578
504,596
504,602
504,610
504,661
504,665
504,690
504,692
504,693
504,721
504,723
505,537
505,574
505,587
505,597
505,649
505,691
505,702
505,706
506,550
506,563
506,588
506,617
506,712
506,727
507,534
507,566
507,606
507,613
507,659
507,673
507,682
507,714
507,715
508,521
508,523
508,543
508,562
508,565
508,589
508,594
508,604
508,663
508,728
509,510
509,546
509,564
509,581
509,592
510,546
510,564
510,581
510,592
511,528
511,539
511,571
511,580
511,593
511,601
511,618
511,619
511,652
511,703
511,716
513,530
513,544
513,681
513,683
514,535
514,539
514,542
514,624
514,653
514,669
514,698
515,518
515,541
515,620
515,680
515,686
516,524
516,538
516,633
516,635
516,636
516,637
516,684
516,688
516,696
516,697
516,736
517,537
517,573
517,577
517,611
517,614
517,623
517,636
517,648
517,678
517,687
518,541
518,611
518,620
518,656
518,680
518,686
519,525
519,526
519,582
519,585
519,605
519,631
519,655
519,722
520,590
520,628
520,664
520,670
520,709
521,523
521,543
521,562
521,565
521,589
521,594
521,603
521,604
521,663
521,728
522,525
522,527
522,532
522,567
522,612
522,625
522,654
522,667
522,677
522,679
522,685
522,707
523,543
523,562
523,565
523,589
523,594
523,604
523,649
523,663
523,682
523,728
524,538
524,633
524,635
524,636
524,637
524,684
524,688
524,697
524,736
525,526
525,527
525,567
525,582
525,585
525,605
525,631
525,655
525,722
526,582
526,585
526,605
526,631
526,652
526,655
526,667
526,722
527,532
527,567
527,612
527,625
527,654
527,667
527,677
527,679
527,685
527,707
528,562
528,571
528,576
528,580
528,593
528,601
528,606
528,618
528,619
528,646
528,652
528,703
528,713
528,716
529,547
529,567
529,569
529,586
529,643
529,676
529,699
529,717
529,720
530,544
530,681
530,683
531,607
531,634
531,711
532,540
532,612
532,625
532,654
532,667
532,677
532,679
532,685
532,704
532,707
532,732
533,579
533,626
533,627
533,662
533,705
534,566
534,606
534,613
534,659
534,670
534,673
534,682
534,714
535,539
535,542
535,624
535,653
535,669
535,698
536,549
536,551
536,609
536,615
536,700
536,718
537,574
537,587
537,597
537,636
537,649
537,691
537,702
537,706
538,633
538,635
538,636
538,637
538,684
538,688
538,697
538,736
539,542
539,624
539,653
539,669
539,698
540,568
540,640
540,641
540,695
540,704
540,708
540,732
540,733
541,620
541,680
541,686
542,624
542,653
542,669
542,698
543,562
543,565
543,573
543,589
543,594
543,604
543,629
543,663
543,679
543,728
544,681
544,683
545,556
545,557
545,558
545,656
545,660
545,674
545,694
545,696
545,722
546,564
546,581
546,592
547,567
547,586
547,627
547,676
547,699
547,717
548,552
548,595
548,710
549,551
549,609
549,615
549,700
549,718
550,563
550,588
550,617
550,712
550,727
551,609
551,615
551,700
551,718
552,595
552,710
553,621
553,632
553,638
553,639
553,657
553,671
553,715
553,726
554,630
554,672
554,701
555,600
555,608
555,642
555,645
555,707
555,726
556,557
556,558
556,656
556,660
556,674
556,694
556,696
557,558
557,656
557,660
557,674
557,694
557,696
558,656
558,660
558,674
558,694
558,696
559,560
559,561
559,658
559,731
560,561
560,658
560,731
561,647
561,658
561,731
562,565
562,576
562,589
562,594
562,604
562,606
562,646
562,663
562,713
562,728
563,588
563,617
563,712
563,727
564,581
564,592
565,589
565,594
565,604
565,661
565,663
565,728
566,606
566,613
566,659
566,673
566,682
566,714
567,586
567,676
567,699
567,717
568,640
568,641
568,695
568,704
568,708
568,709
568,732
568,733
569,572
569,591
569,629
569,643
569,644
569,719
569,720
570,584
570,598
570,599
570,666
571,580
571,589
571,593
571,601
571,618
571,619
571,623
571,644
571,652
571,703
571,716
571,719
572,591
572,629
572,643
572,644
572,693
572,719
572,720
573,577
573,611
573,614
573,623
573,629
573,648
573,678
573,679
573,687
574,587
574,597
574,649
574,691
574,702
574,706
574,718
575,576
575,583
575,603
575,612
575,616
575,668
575,681
575,713
576,583
576,603
576,606
576,616
576,646
576,668
576,713
577,611
577,614
577,623
577,648
577,678
577,687
577,721
578,596
578,601
578,602
578,610
578,655
578,661
578,665
578,690
578,692
578,693
578,721
578,723
579,593
579,626
579,627
579,662
579,705
580,593
580,601
580,618
580,619
580,652
580,703
580,716
581,592
582,585
582,605
582,631
582,655
582,722
583,603
583,616
583,654
583,668
583,702
583,713
584,598
584,599
584,666
585,605
585,631
585,655
585,722
586,627
586,676
586,699
586,717
587,597
587,649
587,691
587,702
587,706
588,617
588,712
588,727
589,594
589,604
589,623
589,644
589,663
589,719
589,728
590,628
590,664
590,670
590,709
591,629
591,643
591,644
591,693
591,719
591,720
593,601
593,618
593,619
593,652
593,703
593,716
594,604
594,663
594,728
595,710
596,602
596,610
596,661
596,665
596,690
596,692
596,693
596,721
596,723
597,649
597,691
597,702
597,706
598,599
598,666
599,666
600,608
600,631
600,642
600,645
600,734
601,618
601,619
601,652
601,655
601,703
601,716
602,610
602,661
602,665
602,690
602,692
602,693
602,703
602,721
602,723
603,616
603,668
603,713
604,621
604,663
604,706
604,728
605,631
605,655
605,722
606,613
606,646
606,659
606,673
606,682
606,713
606,714
607,634
607,711
608,631
608,642
608,645
608,734
609,615
609,700
609,718
610,661
610,665
610,690
610,692
610,693
610,721
610,723
611,614
611,623
611,648
611,656
611,678
611,687
612,616
612,625
612,654
612,667
612,677
612,679
612,681
612,685
612,707
613,659
613,673
613,682
613,714
614,623
614,648
614,678
614,687
615,700
615,718
616,668
616,681
616,713
617,680
617,712
617,727
618,619
618,652
618,703
618,716
619,652
619,703
619,716
620,680
620,686
621,632
621,638
621,639
621,657
621,671
621,706
621,715
621,726
622,675
622,676
622,728
623,644
623,648
623,678
623,687
623,719
624,653
624,669
624,698
625,654
625,667
625,677
625,679
625,685
625,707
626,627
626,662
626,705
627,662
627,705
627,717
628,664
628,670
628,709
629,643
629,644
629,679
629,719
629,720
630,672
630,701
631,655
631,722
631,734
632,638
632,639
632,657
632,671
632,715
632,726
633,635
633,636
633,637
633,684
633,688
633,697
633,736
634,711
635,636
635,637
635,684
635,688
635,697
635,736
636,637
636,684
636,688
636,697
636,736
637,684
637,688
637,697
637,736
638,639
638,657
638,671
638,692
638,715
638,723
638,726
639,657
639,671
639,715
639,726
640,641
640,695
640,704
640,708
640,732
640,733
641,695
641,704
641,708
641,709
641,732
641,733
642,645
642,707
642,726
643,644
643,719
643,720
644,719
644,720
646,647
646,650
646,651
646,689
646,713
646,724
646,725
646,729
646,730
646,734
646,735
647,650
647,651
647,689
647,724
647,725
647,729
647,730
647,734
647,735
648,678
648,687
649,682
649,691
649,702
649,706
650,651
650,689
650,724
650,725
650,729
650,730
650,734
650,735
651,689
651,724
651,725
651,729
651,730
651,734
651,735
652,667
652,703
652,716
653,669
653,698
654,667
654,668
654,677
654,679
654,685
654,702
654,707
655,722
656,660
656,674
656,694
656,696
657,671
657,715
657,726
658,731
659,673
659,682
659,714
660,674
660,694
660,696
661,665
661,690
661,692
661,693
661,721
661,723
662,705
663,728
664,670
664,709
665,690
665,692
665,693
665,721
665,723
667,677
667,679
667,685
667,707
668,702
668,713
669,698
670,709
671,715
671,726
672,701
673,682
673,714
674,694
674,696
675,676
675,728
676,699
676,717
676,728
677,679
677,685
677,707
678,687
678,721
679,685
679,707
680,686
681,683
682,714
684,688
684,697
684,736
685,707
687,721
688,697
688,736
689,724
689,725
689,729
689,730
689,734
689,735
690,692
690,693
690,721
690,723
691,702
691,706
692,693
692,721
692,723
693,721
693,723
694,696
695,704
695,708
695,732
695,733
697,736
699,717
700,718
702,706
703,716
704,708
704,732
704,733
707,726
708,732
708,733
712,727
715,726
719,720
721,723
724,725
724,729
724,730
724,734
724,735
725,729
725,730
725,734
725,735
729,730
729,734
729,735
730,734
730,735
732,733
734,735
